{"trial_id": "08", "hyperparameters": {"space": [{"class_name": "Int", "config": {"name": "rnn_units", "default": null, "conditions": [], "min_value": 32, "max_value": 128, "step": 32, "sampling": "linear"}}, {"class_name": "Int", "config": {"name": "num_rnn_layers", "default": null, "conditions": [], "min_value": 1, "max_value": 3, "step": 1, "sampling": "linear"}}, {"class_name": "Float", "config": {"name": "dropout_rate", "default": 0.0, "conditions": [], "min_value": 0.0, "max_value": 0.5, "step": 0.1, "sampling": "linear"}}, {"class_name": "Int", "config": {"name": "dense_units", "default": null, "conditions": [], "min_value": 16, "max_value": 64, "step": 16, "sampling": "linear"}}, {"class_name": "Choice", "config": {"name": "learning_rate", "default": 0.001, "conditions": [], "values": [0.001, 0.0005, 0.0001], "ordered": true}}], "values": {"rnn_units": 96, "num_rnn_layers": 1, "dropout_rate": 0.4, "dense_units": 32, "learning_rate": 0.001}}, "metrics": {"metrics": {"loss": {"direction": "min", "observations": [{"value": [0.00258378847502172], "step": 14}]}, "mae": {"direction": "min", "observations": [{"value": [0.03640178591012955], "step": 14}]}, "val_loss": {"direction": "min", "observations": [{"value": [0.04590212553739548], "step": 14}]}, "val_mae": {"direction": "min", "observations": [{"value": [0.152513325214386], "step": 14}]}}}, "score": 0.04590212553739548, "best_step": 14, "status": "COMPLETED", "message": null}