{"trial_id": "01", "hyperparameters": {"space": [{"class_name": "Choice", "config": {"name": "rnn_type", "default": "LSTM", "conditions": [], "values": ["LSTM", "GRU"], "ordered": false}}, {"class_name": "Int", "config": {"name": "rnn_units", "default": null, "conditions": [], "min_value": 32, "max_value": 128, "step": 32, "sampling": "linear"}}, {"class_name": "Int", "config": {"name": "num_rnn_layers", "default": null, "conditions": [], "min_value": 1, "max_value": 3, "step": 1, "sampling": "linear"}}, {"class_name": "Float", "config": {"name": "dropout_rate", "default": 0.0, "conditions": [], "min_value": 0.0, "max_value": 0.5, "step": 0.1, "sampling": "linear"}}, {"class_name": "Int", "config": {"name": "dense_units", "default": null, "conditions": [], "min_value": 16, "max_value": 64, "step": 16, "sampling": "linear"}}, {"class_name": "Choice", "config": {"name": "learning_rate", "default": 0.001, "conditions": [], "values": [0.001, 0.0005, 0.0001], "ordered": true}}], "values": {"rnn_type": "GRU", "rnn_units": 128, "num_rnn_layers": 1, "dropout_rate": 0.30000000000000004, "dense_units": 64, "learning_rate": 0.0005}}, "metrics": {"metrics": {"loss": {"direction": "min", "observations": [{"value": [0.0017157196998596191], "step": 7}]}, "mae": {"direction": "min", "observations": [{"value": [0.029961522668600082], "step": 7}]}, "val_loss": {"direction": "min", "observations": [{"value": [0.0011193533428013325], "step": 7}]}, "val_mae": {"direction": "min", "observations": [{"value": [0.024951254948973656], "step": 7}]}}}, "score": 0.0011193533428013325, "best_step": 7, "status": "COMPLETED", "message": null}