{"ongoing_trials": {}, "hyperparameters": {"space": [{"class_name": "Int", "config": {"name": "rnn_units", "default": null, "conditions": [], "min_value": 32, "max_value": 128, "step": 32, "sampling": "linear"}}, {"class_name": "Int", "config": {"name": "num_rnn_layers", "default": null, "conditions": [], "min_value": 1, "max_value": 3, "step": 1, "sampling": "linear"}}, {"class_name": "Float", "config": {"name": "dropout_rate", "default": 0.0, "conditions": [], "min_value": 0.0, "max_value": 0.5, "step": 0.1, "sampling": "linear"}}, {"class_name": "Int", "config": {"name": "dense_units", "default": null, "conditions": [], "min_value": 16, "max_value": 64, "step": 16, "sampling": "linear"}}, {"class_name": "Choice", "config": {"name": "learning_rate", "default": 0.001, "conditions": [], "values": [0.001, 0.0005, 0.0001], "ordered": true}}], "values": {"rnn_units": 32, "num_rnn_layers": 1, "dropout_rate": 0.0, "dense_units": 16, "learning_rate": 0.001}}, "start_order": ["00", "01", "02", "03", "04", "05", "06", "07", "08", "09"], "end_order": ["00", "01", "02", "03", "04", "05", "06", "07", "08", "09"], "run_times": {"00": 1, "01": 1, "02": 1, "03": 1, "04": 1, "05": 1, "06": 1, "07": 1, "08": 1, "09": 1}, "retry_queue": [], "seed": 5857, "seed_state": 5907, "tried_so_far": ["bbce0eb2c850cb3b33e2d2e3bb52a7da", "bcab82f7d0c3576e5112c609cc254bd1", "222e9f38548cbdf3fca1ab217e196bdc", "3478fc02cb35312117acf2d23ac2cde2", "c78806fa3943e9e47f226201e5296ada", "f3ece6fdd3570dc01f358481afc8084b", "dc70dad9539aa5bb018d8458325347fd", "06ae25fe3c6bcfdcb0913eca5df3769e", "98bc3e6ad095a0a4f091def43595d129", "9d20ec3fbc40d0b06bfd08c125440c80"], "id_to_hash": {"00": "bcab82f7d0c3576e5112c609cc254bd1", "01": "c78806fa3943e9e47f226201e5296ada", "02": "98bc3e6ad095a0a4f091def43595d129", "03": "bbce0eb2c850cb3b33e2d2e3bb52a7da", "04": "06ae25fe3c6bcfdcb0913eca5df3769e", "05": "f3ece6fdd3570dc01f358481afc8084b", "06": "9d20ec3fbc40d0b06bfd08c125440c80", "07": "dc70dad9539aa5bb018d8458325347fd", "08": "222e9f38548cbdf3fca1ab217e196bdc", "09": "3478fc02cb35312117acf2d23ac2cde2"}, "display": {"search_start": "2025-06-03T19:00:46.538256", "trial_start": {"00": "2025-06-03T19:00:46.538256", "01": "2025-06-03T19:00:53.167119", "02": "2025-06-03T19:01:01.034577", "03": "2025-06-03T19:01:09.328528", "04": "2025-06-03T19:01:18.273891", "05": "2025-06-03T19:01:21.506931", "06": "2025-06-03T19:01:24.893083", "07": "2025-06-03T19:01:27.580851", "08": "2025-06-03T19:01:32.462475", "09": "2025-06-03T19:01:36.001750"}, "trial_number": {"00": 1, "01": 2, "02": 3, "03": 4, "04": 5, "05": 6, "06": 7, "07": 8, "08": 9, "09": 10}}}