{"trial_id": "04", "hyperparameters": {"space": [{"class_name": "Choice", "config": {"name": "rnn_type", "default": "LSTM", "conditions": [], "values": ["LSTM", "GRU"], "ordered": false}}, {"class_name": "Int", "config": {"name": "rnn_units", "default": null, "conditions": [], "min_value": 32, "max_value": 128, "step": 32, "sampling": "linear"}}, {"class_name": "Int", "config": {"name": "num_rnn_layers", "default": null, "conditions": [], "min_value": 1, "max_value": 3, "step": 1, "sampling": "linear"}}, {"class_name": "Float", "config": {"name": "dropout_rate", "default": 0.0, "conditions": [], "min_value": 0.0, "max_value": 0.5, "step": 0.1, "sampling": "linear"}}, {"class_name": "Int", "config": {"name": "dense_units", "default": null, "conditions": [], "min_value": 16, "max_value": 64, "step": 16, "sampling": "linear"}}, {"class_name": "Choice", "config": {"name": "learning_rate", "default": 0.001, "conditions": [], "values": [0.001, 0.0005, 0.0001], "ordered": true}}], "values": {"rnn_type": "LSTM", "rnn_units": 64, "num_rnn_layers": 1, "dropout_rate": 0.1, "dense_units": 48, "learning_rate": 0.0001}}, "metrics": {"metrics": {"loss": {"direction": "min", "observations": [{"value": [0.002724318765103817], "step": 14}]}, "mae": {"direction": "min", "observations": [{"value": [0.03849774971604347], "step": 14}]}, "val_loss": {"direction": "min", "observations": [{"value": [0.06897378712892532], "step": 14}]}, "val_mae": {"direction": "min", "observations": [{"value": [0.20636403560638428], "step": 14}]}}}, "score": 0.06897378712892532, "best_step": 14, "status": "COMPLETED", "message": null}