{"trial_id": "06", "hyperparameters": {"space": [{"class_name": "Choice", "config": {"name": "rnn_type", "default": "LSTM", "conditions": [], "values": ["LSTM", "GRU"], "ordered": false}}, {"class_name": "Int", "config": {"name": "rnn_units", "default": null, "conditions": [], "min_value": 32, "max_value": 128, "step": 32, "sampling": "linear"}}, {"class_name": "Int", "config": {"name": "num_rnn_layers", "default": null, "conditions": [], "min_value": 1, "max_value": 3, "step": 1, "sampling": "linear"}}, {"class_name": "Float", "config": {"name": "dropout_rate", "default": 0.0, "conditions": [], "min_value": 0.0, "max_value": 0.5, "step": 0.1, "sampling": "linear"}}, {"class_name": "Int", "config": {"name": "dense_units", "default": null, "conditions": [], "min_value": 16, "max_value": 64, "step": 16, "sampling": "linear"}}, {"class_name": "Choice", "config": {"name": "learning_rate", "default": 0.001, "conditions": [], "values": [0.001, 0.0005, 0.0001], "ordered": true}}], "values": {"rnn_type": "LSTM", "rnn_units": 64, "num_rnn_layers": 1, "dropout_rate": 0.1, "dense_units": 16, "learning_rate": 0.0005}}, "metrics": {"metrics": {"loss": {"direction": "min", "observations": [{"value": [0.0040999180637300014], "step": 3}]}, "mae": {"direction": "min", "observations": [{"value": [0.04726460948586464], "step": 3}]}, "val_loss": {"direction": "min", "observations": [{"value": [0.04222749173641205], "step": 3}]}, "val_mae": {"direction": "min", "observations": [{"value": [0.14150385558605194], "step": 3}]}}}, "score": 0.04222749173641205, "best_step": 3, "status": "COMPLETED", "message": null}