{"trial_id": "00", "hyperparameters": {"space": [{"class_name": "Choice", "config": {"name": "rnn_type", "default": "LSTM", "conditions": [], "values": ["LSTM", "GRU"], "ordered": false}}, {"class_name": "Int", "config": {"name": "rnn_units", "default": null, "conditions": [], "min_value": 32, "max_value": 128, "step": 32, "sampling": "linear"}}, {"class_name": "Int", "config": {"name": "num_rnn_layers", "default": null, "conditions": [], "min_value": 1, "max_value": 3, "step": 1, "sampling": "linear"}}, {"class_name": "Float", "config": {"name": "dropout_rate", "default": 0.0, "conditions": [], "min_value": 0.0, "max_value": 0.5, "step": 0.1, "sampling": "linear"}}, {"class_name": "Int", "config": {"name": "dense_units", "default": null, "conditions": [], "min_value": 16, "max_value": 64, "step": 16, "sampling": "linear"}}, {"class_name": "Choice", "config": {"name": "learning_rate", "default": 0.001, "conditions": [], "values": [0.001, 0.0005, 0.0001], "ordered": true}}], "values": {"rnn_type": "GRU", "rnn_units": 32, "num_rnn_layers": 1, "dropout_rate": 0.2, "dense_units": 32, "learning_rate": 0.0005}}, "metrics": {"metrics": {"loss": {"direction": "min", "observations": [{"value": [0.00265053054317832], "step": 13}]}, "mae": {"direction": "min", "observations": [{"value": [0.03623497113585472], "step": 13}]}, "val_loss": {"direction": "min", "observations": [{"value": [0.031410690397024155], "step": 13}]}, "val_mae": {"direction": "min", "observations": [{"value": [0.14222067594528198], "step": 13}]}}}, "score": 0.031410690397024155, "best_step": 13, "status": "COMPLETED", "message": null}