{"trial_id": "05", "hyperparameters": {"space": [{"class_name": "Int", "config": {"name": "rnn_units", "default": null, "conditions": [], "min_value": 32, "max_value": 128, "step": 32, "sampling": "linear"}}, {"class_name": "Int", "config": {"name": "num_rnn_layers", "default": null, "conditions": [], "min_value": 1, "max_value": 3, "step": 1, "sampling": "linear"}}, {"class_name": "Float", "config": {"name": "dropout_rate", "default": 0.0, "conditions": [], "min_value": 0.0, "max_value": 0.5, "step": 0.1, "sampling": "linear"}}, {"class_name": "Int", "config": {"name": "dense_units", "default": null, "conditions": [], "min_value": 16, "max_value": 64, "step": 16, "sampling": "linear"}}, {"class_name": "Choice", "config": {"name": "learning_rate", "default": 0.001, "conditions": [], "values": [0.001, 0.0005, 0.0001], "ordered": true}}], "values": {"rnn_units": 96, "num_rnn_layers": 1, "dropout_rate": 0.1, "dense_units": 32, "learning_rate": 0.0005}}, "metrics": {"metrics": {"loss": {"direction": "min", "observations": [{"value": [0.0012650348944589496], "step": 12}]}, "mae": {"direction": "min", "observations": [{"value": [0.026030637323856354], "step": 12}]}, "val_loss": {"direction": "min", "observations": [{"value": [0.029585205018520355], "step": 12}]}, "val_mae": {"direction": "min", "observations": [{"value": [0.10455889254808426], "step": 12}]}}}, "score": 0.029585205018520355, "best_step": 12, "status": "COMPLETED", "message": null}