{"trial_id": "09", "hyperparameters": {"space": [{"class_name": "Int", "config": {"name": "rnn_units", "default": null, "conditions": [], "min_value": 32, "max_value": 128, "step": 32, "sampling": "linear"}}, {"class_name": "Int", "config": {"name": "num_rnn_layers", "default": null, "conditions": [], "min_value": 1, "max_value": 3, "step": 1, "sampling": "linear"}}, {"class_name": "Float", "config": {"name": "dropout_rate", "default": 0.0, "conditions": [], "min_value": 0.0, "max_value": 0.5, "step": 0.1, "sampling": "linear"}}, {"class_name": "Int", "config": {"name": "dense_units", "default": null, "conditions": [], "min_value": 16, "max_value": 64, "step": 16, "sampling": "linear"}}, {"class_name": "Choice", "config": {"name": "learning_rate", "default": 0.001, "conditions": [], "values": [0.001, 0.0005, 0.0001], "ordered": true}}], "values": {"rnn_units": 64, "num_rnn_layers": 1, "dropout_rate": 0.4, "dense_units": 64, "learning_rate": 0.0001}}, "metrics": {"metrics": {"loss": {"direction": "min", "observations": [{"value": [0.00702160457149148], "step": 14}]}, "mae": {"direction": "min", "observations": [{"value": [0.061491310596466064], "step": 14}]}, "val_loss": {"direction": "min", "observations": [{"value": [0.13143759965896606], "step": 14}]}, "val_mae": {"direction": "min", "observations": [{"value": [0.2742140591144562], "step": 14}]}}}, "score": 0.13143759965896606, "best_step": 14, "status": "COMPLETED", "message": null}