{"trial_id": "03", "hyperparameters": {"space": [{"class_name": "Int", "config": {"name": "rnn_units", "default": null, "conditions": [], "min_value": 32, "max_value": 128, "step": 32, "sampling": "linear"}}, {"class_name": "Int", "config": {"name": "num_rnn_layers", "default": null, "conditions": [], "min_value": 1, "max_value": 3, "step": 1, "sampling": "linear"}}, {"class_name": "Float", "config": {"name": "dropout_rate", "default": 0.0, "conditions": [], "min_value": 0.0, "max_value": 0.5, "step": 0.1, "sampling": "linear"}}, {"class_name": "Int", "config": {"name": "dense_units", "default": null, "conditions": [], "min_value": 16, "max_value": 64, "step": 16, "sampling": "linear"}}, {"class_name": "Choice", "config": {"name": "learning_rate", "default": 0.001, "conditions": [], "values": [0.001, 0.0005, 0.0001], "ordered": true}}], "values": {"rnn_units": 128, "num_rnn_layers": 3, "dropout_rate": 0.30000000000000004, "dense_units": 48, "learning_rate": 0.001}}, "metrics": {"metrics": {"loss": {"direction": "min", "observations": [{"value": [0.008161862380802631], "step": 5}]}, "mae": {"direction": "min", "observations": [{"value": [0.0701083317399025], "step": 5}]}, "val_loss": {"direction": "min", "observations": [{"value": [0.24420781433582306], "step": 5}]}, "val_mae": {"direction": "min", "observations": [{"value": [0.3841879665851593], "step": 5}]}}}, "score": 0.24420781433582306, "best_step": 5, "status": "COMPLETED", "message": null}