{"ongoing_trials": {}, "hyperparameters": {"space": [{"class_name": "Choice", "config": {"name": "rnn_type", "default": "LSTM", "conditions": [], "values": ["LSTM", "GRU"], "ordered": false}}, {"class_name": "Int", "config": {"name": "rnn_units", "default": null, "conditions": [], "min_value": 32, "max_value": 128, "step": 32, "sampling": "linear"}}, {"class_name": "Int", "config": {"name": "num_rnn_layers", "default": null, "conditions": [], "min_value": 1, "max_value": 3, "step": 1, "sampling": "linear"}}, {"class_name": "Float", "config": {"name": "dropout_rate", "default": 0.0, "conditions": [], "min_value": 0.0, "max_value": 0.5, "step": 0.1, "sampling": "linear"}}, {"class_name": "Int", "config": {"name": "dense_units", "default": null, "conditions": [], "min_value": 16, "max_value": 64, "step": 16, "sampling": "linear"}}, {"class_name": "Choice", "config": {"name": "learning_rate", "default": 0.001, "conditions": [], "values": [0.001, 0.0005, 0.0001], "ordered": true}}], "values": {"rnn_type": "LSTM", "rnn_units": 32, "num_rnn_layers": 1, "dropout_rate": 0.0, "dense_units": 16, "learning_rate": 0.001}}, "start_order": ["00", "01", "02", "03", "04", "05", "06", "07", "08", "09"], "end_order": ["00", "01", "02", "03", "04", "05", "06", "07", "08", "09"], "run_times": {"00": 1, "01": 1, "02": 1, "03": 1, "04": 1, "05": 1, "06": 1, "07": 1, "08": 1, "09": 1}, "retry_queue": [], "seed": 1588, "seed_state": 1648, "tried_so_far": ["edec58a063fda814e4313411460b2444", "e1170a35fcdc16f3a6ec713ee250eba3", "32b3d824a72b6bafe0a06b3710c653b2", "618311e4d809894b1d346a1730f98860", "8addb36eab9e7bfb52ca68868bfb8956", "6dccf92f1682005deb25b62622322a66", "73f9ca34cc41e7aff9fb63ee3715b660", "b74ef71c989079e851ddfc33a47e6f51", "ecc4c64427233029542c730c23c4ac00", "44f470657250002480d7eded0e6fc5af"], "id_to_hash": {"00": "ecc4c64427233029542c730c23c4ac00", "01": "b74ef71c989079e851ddfc33a47e6f51", "02": "8addb36eab9e7bfb52ca68868bfb8956", "03": "edec58a063fda814e4313411460b2444", "04": "6dccf92f1682005deb25b62622322a66", "05": "32b3d824a72b6bafe0a06b3710c653b2", "06": "73f9ca34cc41e7aff9fb63ee3715b660", "07": "44f470657250002480d7eded0e6fc5af", "08": "e1170a35fcdc16f3a6ec713ee250eba3", "09": "618311e4d809894b1d346a1730f98860"}, "display": {"search_start": "2025-06-03T19:21:16.588255", "trial_start": {"00": "2025-06-03T19:21:16.588255", "01": "2025-06-03T19:21:21.365120", "02": "2025-06-03T19:21:28.888953", "03": "2025-06-03T19:21:47.087416", "04": "2025-06-03T19:21:57.080735", "05": "2025-06-03T19:22:02.178454", "06": "2025-06-03T19:22:13.685386", "07": "2025-06-03T19:22:16.627685", "08": "2025-06-03T19:22:27.914093", "09": "2025-06-03T19:23:06.251107"}, "trial_number": {"00": 1, "01": 2, "02": 3, "03": 4, "04": 5, "05": 6, "06": 7, "07": 8, "08": 9, "09": 10}}}