{"trial_id": "02", "hyperparameters": {"space": [{"class_name": "Int", "config": {"name": "rnn_units", "default": null, "conditions": [], "min_value": 32, "max_value": 128, "step": 32, "sampling": "linear"}}, {"class_name": "Int", "config": {"name": "num_rnn_layers", "default": null, "conditions": [], "min_value": 1, "max_value": 3, "step": 1, "sampling": "linear"}}, {"class_name": "Float", "config": {"name": "dropout_rate", "default": 0.0, "conditions": [], "min_value": 0.0, "max_value": 0.5, "step": 0.1, "sampling": "linear"}}, {"class_name": "Int", "config": {"name": "dense_units", "default": null, "conditions": [], "min_value": 16, "max_value": 64, "step": 16, "sampling": "linear"}}, {"class_name": "Choice", "config": {"name": "learning_rate", "default": 0.001, "conditions": [], "values": [0.001, 0.0005, 0.0001], "ordered": true}}], "values": {"rnn_units": 128, "num_rnn_layers": 2, "dropout_rate": 0.0, "dense_units": 48, "learning_rate": 0.0001}}, "metrics": {"metrics": {"loss": {"direction": "min", "observations": [{"value": [0.0005080949631519616], "step": 14}]}, "mae": {"direction": "min", "observations": [{"value": [0.016890592873096466], "step": 14}]}, "val_loss": {"direction": "min", "observations": [{"value": [0.18008169531822205], "step": 14}]}, "val_mae": {"direction": "min", "observations": [{"value": [0.2917637228965759], "step": 14}]}}}, "score": 0.18008169531822205, "best_step": 14, "status": "COMPLETED", "message": null}